{"prec": [1.0, 1.0, 1.0], "rec": [0.8571428571428571, 0.8571428571428571, 0.8571428571428571], "f1": [0.923076923076923, 0.923076923076923, 0.923076923076923], "acc": [0.978021978021978, 0.978021978021978, 0.978021978021978], "prec_avg": 1.0, "prec_std": 0.0, "rec_avg": 0.8571428571428571, "rec_std": 0.0, "f1_avg": 0.923076923076923, "f1_std": 0.0, "acc_avg": 0.978021978021978, "acc_std": 0.0}