{"prec": [0.8518518518518519, 0.8518518518518519, 0.8518518518518519], "rec": [0.8518518518518519, 0.8518518518518519, 0.8518518518518519], "f1": [0.8518518518518519, 0.8518518518518519, 0.8518518518518519], "acc": [0.926605504587156, 0.926605504587156, 0.926605504587156], "prec_avg": 0.8518518518518517, "prec_std": 1.1102230246251565e-16, "rec_avg": 0.8518518518518517, "rec_std": 1.1102230246251565e-16, "f1_avg": 0.8518518518518517, "f1_std": 1.1102230246251565e-16, "acc_avg": 0.926605504587156, "acc_std": 0.0}