{"prec": [1.0], "rec": [0.8148148148148148], "f1": [0.8979591836734693], "acc": [0.9541284403669725], "prec_avg": 1.0, "prec_std": 0.0, "rec_avg": 0.8148148148148148, "rec_std": 0.0, "f1_avg": 0.8979591836734693, "f1_std": 0.0, "acc_avg": 0.9541284403669725, "acc_std": 0.0}