{"prec": [1.0, 1.0, 1.0], "rec": [0.7857142857142857, 0.7857142857142857, 0.7857142857142857], "f1": [0.88, 0.88, 0.88], "acc": [0.967032967032967, 0.967032967032967, 0.967032967032967], "prec_avg": 1.0, "prec_std": 0.0, "rec_avg": 0.7857142857142857, "rec_std": 0.0, "f1_avg": 0.88, "f1_std": 0.0, "acc_avg": 0.967032967032967, "acc_std": 0.0}