{"prec": [1.0], "rec": [0.6], "f1": [0.7499999999999999], "acc": [0.99], "prec_avg": 1.0, "prec_std": 0.0, "rec_avg": 0.6, "rec_std": 0.0, "f1_avg": 0.7499999999999999, "f1_std": 0.0, "acc_avg": 0.99, "acc_std": 0.0}