{"prec": [1.0, 1.0, 1.0], "rec": [0.9259259259259259, 0.9259259259259259, 0.9259259259259259], "f1": [0.9615384615384615, 0.9615384615384615, 0.9615384615384615], "acc": [0.981651376146789, 0.981651376146789, 0.981651376146789], "prec_avg": 1.0, "prec_std": 0.0, "rec_avg": 0.9259259259259259, "rec_std": 0.0, "f1_avg": 0.9615384615384613, "f1_std": 1.1102230246251565e-16, "acc_avg": 0.981651376146789, "acc_std": 0.0}