{"prec": [0.8333333333333334, 0.8333333333333334, 0.8333333333333334], "rec": [1.0, 1.0, 1.0], "f1": [0.9090909090909091, 0.9090909090909091, 0.9090909090909091], "acc": [0.995, 0.995, 0.995], "prec_avg": 0.8333333333333334, "prec_std": 0.0, "rec_avg": 1.0, "rec_std": 0.0, "f1_avg": 0.9090909090909091, "f1_std": 0.0, "acc_avg": 0.995, "acc_std": 0.0}